{"cameraMode":{"drawMode":0,"name":"Shaded","section":"Shading Mode"},"sceneLighting":true,"audioPlay":false,"sceneViewState":{"showFog":true,"showMaterialUpdate":false,"showSkybox":true,"showFlares":true,"showImageEffects":true,"showParticleSystems":true},"in2DMode":false,"pivot":{"x":5.9780120849609379,"y":-3.63690185546875,"z":-27.861839294433595},"rotation":{"x":-0.28519007563591006,"y":0.6967755556106567,"z":-0.5502103567123413,"w":-0.36116334795951846},"size":283.136474609375,"orthographic":false}