{"cameraMode":{"drawMode":0,"name":"Shaded","section":"Shading Mode"},"sceneLighting":true,"audioPlay":false,"sceneViewState":{"showFog":true,"showMaterialUpdate":false,"showSkybox":true,"showFlares":true,"showImageEffects":true,"showParticleSystems":true},"in2DMode":false,"pivot":{"x":10.679296493530274,"y":-11.118387222290039,"z":180.0},"rotation":{"x":0.25803640484809878,"y":0.008695078082382679,"z":-0.002322389045730233,"w":0.9660933017730713},"size":212.31201171875,"orthographic":true}