{"cameraMode":{"drawMode":0,"name":"Shaded","section":"Shading Mode"},"sceneLighting":false,"audioPlay":false,"sceneViewState":{"showFog":true,"showMaterialUpdate":false,"showSkybox":true,"showFlares":true,"showImageEffects":true,"showParticleSystems":true},"in2DMode":false,"pivot":{"x":0.0,"y":11.949996948242188,"z":10.829999923706055},"rotation":{"x":0.08536738902330399,"y":0.8694548606872559,"z":-0.16171473264694215,"w":0.4589217007160187},"size":4.041658401489258,"orthographic":false}