{"cameraMode":{"drawMode":0,"name":"Shaded","section":"Shading Mode"},"sceneLighting":true,"audioPlay":false,"sceneViewState":{"showFog":true,"showMaterialUpdate":false,"showSkybox":true,"showFlares":true,"showImageEffects":true,"showParticleSystems":true},"in2DMode":false,"pivot":{"x":10.679296493530274,"y":-11.118387222290039,"z":180.0},"rotation":{"x":0.1612270176410675,"y":-0.028123021125793458,"z":0.004596383776515722,"w":0.9865058660507202},"size":174.00588989257813,"orthographic":true}